Age,% of all,% of women in range,% of men in range
1-21,26.400000000000002,54.54545454545454,45.45454545454545
21-41,29.799999999999997,53.691275167785236,46.308724832214764
41-61,23.799999999999997,51.26050420168067,48.739495798319325
61-81,12.4,46.774193548387096,53.2258064516129
81-101,7.6,39.473684210526315,60.526315789473685
Average age,38.848
Average age for women,36.95330739299611
Average age for men,40.851851851851855
