Height (cm),% with children,% without children
160-170,53.608247422680414,46.391752577319586
170-180,52.293577981651374,47.706422018348626
180-190,40.77669902912621,59.22330097087378
190-200,42.5531914893617,57.446808510638306
200-210,46.391752577319586,53.608247422680414
