BMI of parents,% of children with BMI of 25 or over in range,% of children with BMI under 25 in range
25-30,49.645390070921984,50.35460992907801
30-35,44.827586206896555,55.172413793103445
35-40,38.095238095238095,61.904761904761905
