Height of parents (cm),% of children with height above average,% of children with height of average or below
171-176,91.66666666666666,8.333333333333332
176-181,82.22222222222221,17.77777777777778
181-186,83.87096774193549,16.129032258064516
186-191,69.23076923076923,30.76923076923077
191-196,80.43478260869566,19.565217391304348
196-201,81.13207547169812,18.867924528301888
201-206,82.6923076923077,17.307692307692307
206-211,73.33333333333333,26.666666666666668
