Weight (kg),% with children,% without children
55-65,49.504950495049506,50.495049504950494
65-75,49.333333333333336,50.66666666666667
75-85,41.75824175824176,58.24175824175825
85-95,46.08695652173913,53.91304347826087
95-105,49.152542372881356,50.847457627118644
